,enrichment,geneSymbol,count,count_total,percentage,p_value,log10pval
0,AM_M_Astrocytes_UC_P_Membrane proteomics,"['Sacm1l', 'Sdc4', 'Sec63', 'Scamp2', 'Scarb2', 'Slc12a4', 'Slc12a2']",7,205,22.58064516129032,2.965790523019016e-07,6.527859526911707
1,AM_M_CT-2A vs Astrocytes_UC_P_Membrane proteomics,"['Sacm1l', 'Sdc4', 'Sec63', 'Scamp2', 'Scarb2', 'Slc12a4', 'Slc12a2']",7,205,22.58064516129032,2.965790523019016e-07,6.527859526911707
2,AM_M_CT-2A_UC_P_Membrane proteomics,"['Sacm1l', 'Sdc4', 'Sec63', 'Scamp2', 'Scarb2', 'Slc12a4', 'Slc12a2']",7,205,22.58064516129032,2.965790523019016e-07,6.527859526911707
3,BTC_H_MCF10A-KRasG12V_UC and CSC_P_Molecular phenotyping,"['SDC4', 'SFXN1', 'SFXN4', 'SEC61B', 'SFXN3', 'SCAMP2', 'SCARB2', 'SLC12A4', 'RUSF1', 'SDHC', 'SEL1L', 'SACM1L', 'SEC61A1', 'SCCPDH', 'SCD', 'SERINC3', 'SCAMP3', 'SEC11A', 'SLC12A2', 'SDC2', 'SEC63', 'SCAP', 'SDCBP', 'SEMA4C', 'SGPP1']",25,4876,80.64516129032258,3.641837913211114e-07,6.438679387196912
4,BTC_H_SK-BR-3_AT_P_Therapeutic targets,['SCD'],1,208,3.225806451612903,0.3783764343930125,0.4220759196586559
5,BT_H_Braintumor_CSC_P_Mass-spectrometry derived cell surface protein atlas,"['SEL1L', 'SCAP', 'SEMA4C', 'Scarb2', 'Sel1l', 'Sema4c', 'SLC12A2', 'SCARB2', 'Scap', 'Slc12a4', 'Slc12a2']",11,2704,35.483870967741936,0.03934590806825995,1.405100427111276
6,BT_M_CT-2A_UC_P_Biomarker,"['Sacm1l', 'Sdc4', 'Sec63', 'Scamp2', 'Scarb2', 'Slc12a4', 'Slc12a2']",7,205,22.58064516129032,2.965790523019016e-07,6.527859526911707
7,C_H_Stem cell_UC_P_identification of PM proteins,"['SEL1L', 'SFXN1', 'SEC61B', 'SCAMP3', 'SCAMP2', 'SLC12A2', 'SCARB2', 'SDC2', 'SEMA6A', 'SEC63']",10,621,32.25806451612903,6.442098311362659e-07,6.190972651798767
8,D_M_ Cardiomyocytes_SC_DEX_Mechanisms underlying cardiac dysfunction using membrane proteomics,"['Sacm1l', 'Scarb2', 'Sfxn4', 'Sdhc', 'Sccpdh']",5,414,16.129032258064516,0.0021970201880901472,2.6581659523940693
9,EC_H_EM-E6/E7/TERT_BT_P_Therapeutic targets,['SDC4'],1,129,3.225806451612903,0.25471784883182835,0.5939406216733121
10,"EC_H_HEC-1, HEC-1A, HEC-6, HEC-88nu, HEC-108, HEC-116, HEC-251, SNG-II, and SNG-M v/s EM-E6/E7/TERT_BT_DEX_Therapeutic targets",['SDC4'],1,129,3.225806451612903,0.25471784883182835,0.5939406216733121
11,EC_H_HEC-108_BT_P_Therapeutic targets,['SDC4'],1,129,3.225806451612903,0.25471784883182835,0.5939406216733121
12,EC_H_HEC-116_BT_P_Therapeutic targets,['SDC4'],1,129,3.225806451612903,0.25471784883182835,0.5939406216733121
13,EC_H_HEC-1A_BT_P_Therapeutic targets,['SDC4'],1,129,3.225806451612903,0.25471784883182835,0.5939406216733121
14,EC_H_HEC-1_BT_P_Therapeutic targets,['SDC4'],1,129,3.225806451612903,0.25471784883182835,0.5939406216733121
15,EC_H_HEC-251_BT_P_Therapeutic targets,['SDC4'],1,129,3.225806451612903,0.25471784883182835,0.5939406216733121
16,EC_H_HEC-6_BT_P_Therapeutic targets,['SDC4'],1,129,3.225806451612903,0.25471784883182835,0.5939406216733121
17,EC_H_HEC-88nu_BT_P_Therapeutic targets,['SDC4'],1,129,3.225806451612903,0.25471784883182835,0.5939406216733121
18,EC_H_SNG-II_BT_P_Therapeutic targets,['SDC4'],1,129,3.225806451612903,0.25471784883182835,0.5939406216733121
19,EC_H_SNG-M_BT_P_Therapeutic targets,['SDC4'],1,129,3.225806451612903,0.25471784883182835,0.5939406216733121
20,G_H_U251_C_P_Development of a novel nanoreactor system toward the application in membrane proteomics by using polydopamine-coated nanoporous graphene foams (NGFs-PD),"['SFXN1', 'SEC61B', 'SCAMP3', 'SACM1L', 'SCAMP2', 'SEC61A1', 'SCARB2', 'SLC12A2']",8,189,25.806451612903224,6.871820403396982e-09,8.16292819941443
21,HNSCC_H_Cal33_UC_DEX_Target for tumor radiosensitization in radioresistant HNSCC,['SCAMP3'],1,361,3.225806451612903,0.5638821053696392,0.24881168739876125
22,HNSCC_H_Cal33_UC_P_Target for tumor radiosensitization in radioresistant HNSCC,['SCAMP3'],1,361,3.225806451612903,0.5638821053696392,0.24881168739876125
23,HNSCC_H_Tumor sphere_KB_P_Cancer stem cell marker,['SCAMP3'],1,355,3.225806451612903,0.5577443452970943,0.2535648241256448
24,H_ESC_NA_DEX_Available ESC membrane proteome reports,"['SERINC3', 'SDC4', 'SDCBP', 'SEMA4C', 'SFXN3', 'SLC12A2', 'SCARB2', 'SDC2', 'SLC12A4', 'SEMA6A', 'SDHC']",11,3661,35.483870967741936,0.30898069848996323,0.5100686493813711
25,H_ESC_NA_P_Available ESC membrane proteome reports,"['SERINC3', 'SDC4', 'SDCBP', 'SEMA4C', 'SFXN3', 'SLC12A2', 'SCARB2', 'SDC2', 'SLC12A4', 'SEMA6A', 'SDHC']",11,3661,35.483870967741936,0.30898069848996323,0.5100686493813711
26,H_HT29-MTX_UC_P_Method development,"['SEL1L', 'SDCBP', 'SFXN1', 'SEC61B', 'SCAMP3', 'SACM1L', 'SCAMP2', 'SFXN3', 'SEC11A', 'SEC61A1', 'SCARB2', 'SLC12A2', 'SFXN2', 'SEC63', 'SCCPDH', 'SEC61A2', 'SCD']",17,1750,54.83870967741935,2.7380599661349247e-08,7.562557044632886
27,H_HepG-2_UC_DEX_OTA cytotoxicity,['SCCPDH'],1,34,3.225806451612903,0.07431029315626374,1.1289510253867823
28,H_HepaRG_UC_P_Quantitative membrane proteomics,"['SFXN1', 'SFXN4', 'SEC61B', 'SCAMP3', 'SFXN3', 'SLC12A4', 'SFXN2', 'SEC63', 'SCCPDH', 'SCD']",10,399,32.25806451612903,1.0199657607307718e-08,7.99141440684129
29,LC_H_95-D vs BEAS-2B_BB_DEX_Method for membrane protein extraction,"['SEC11A', 'SEL1L']",2,825,6.451612903225806,0.7106431477657574,0.14834842720457844
30,MCL_H_Xenograft_SDC-Trypsin_P_Strategy for the membrane proteomics,"['SFXN1', 'SFXN4', 'SEC22A', 'SEC61B', 'SFXN3', 'SCAMP2', 'SCARB2', 'RUSF1', 'SDHC', 'SEL1L', 'SACM1L', 'SEC61A1', 'SCCPDH', 'SCD', 'SERINC3', 'SCAMP3', 'SEC11A', 'SLC12A2', 'SEC63', 'SCAP', 'SDCBP', 'SFT2D3', 'SGPP1', 'SFXN2', 'SEC61A2']",25,1206,80.64516129032258,1.484469370000106e-21,20.82842875904953
31,MCL_H_Xenograft_SPEG_P_Strategy for the membrane proteomics,"['SFXN1', 'SFXN4', 'SEC22A', 'SEC61B', 'SFXN3', 'SCAMP2', 'SCARB2', 'RUSF1', 'SDHC', 'SEL1L', 'SACM1L', 'SEC61A1', 'SCCPDH', 'SCD', 'SERINC3', 'SCAMP3', 'SEC11A', 'SLC12A2', 'SEC63', 'SCAP', 'SDCBP', 'SFT2D3', 'SGPP1', 'SFXN2', 'SEC61A2']",25,1206,80.64516129032258,1.484469370000106e-21,20.82842875904953
32,MCL_H_Xenograft_hpTC_P_Strategy for the membrane proteomics,"['SFXN1', 'SFXN4', 'SEC22A', 'SEC61B', 'SFXN3', 'SCAMP2', 'SCARB2', 'RUSF1', 'SDHC', 'SEL1L', 'SACM1L', 'SEC61A1', 'SCCPDH', 'SCD', 'SERINC3', 'SCAMP3', 'SEC11A', 'SLC12A2', 'SEC63', 'SCAP', 'SDCBP', 'SFT2D3', 'SGPP1', 'SFXN2', 'SEC61A2']",25,1206,80.64516129032258,1.484469370000106e-21,20.82842875904953
33,NAM_Neural stem cells (spinal cord)_CSC_Mass-spectrometry derived cell surface protein atlas,"['SEL1L', 'SCAP', 'SEMA4C', 'Scarb2', 'Sel1l', 'Sema4c', 'SLC12A2', 'SCARB2', 'Scap', 'Slc12a4', 'Slc12a2']",11,2704,35.483870967741936,0.03934590806825995,1.405100427111276
34,NA_H_786-O_CSC_P_Mass-spectrometry derived cell surface protein atlas,"['SEL1L', 'SCAP', 'SEMA4C', 'Scarb2', 'Sel1l', 'Sema4c', 'SLC12A2', 'SCARB2', 'Scap', 'Slc12a4', 'Slc12a2']",11,2704,35.483870967741936,0.03934590806825995,1.405100427111276
35,NA_H_A-431_CSC_P_Mass-spectrometry derived cell surface protein atlas,"['SEL1L', 'SCAP', 'SEMA4C', 'Scarb2', 'Sel1l', 'Sema4c', 'SLC12A2', 'SCARB2', 'Scap', 'Slc12a4', 'Slc12a2']",11,2704,35.483870967741936,0.03934590806825995,1.405100427111276
36,NA_H_Adipocytes_CSC_P_Mass-spectrometry derived cell surface protein atlas,"['SEL1L', 'SCAP', 'SEMA4C', 'Scarb2', 'Sel1l', 'Sema4c', 'SLC12A2', 'SCARB2', 'Scap', 'Slc12a4', 'Slc12a2']",11,2704,35.483870967741936,0.03934590806825995,1.405100427111276
37,NA_H_B-All_CSC_P_Mass-spectrometry derived cell surface protein atlas,"['SEL1L', 'SCAP', 'SEMA4C', 'Scarb2', 'Sel1l', 'Sema4c', 'SLC12A2', 'SCARB2', 'Scap', 'Slc12a4', 'Slc12a2']",11,2704,35.483870967741936,0.03934590806825995,1.405100427111276
38,"NA_H_CD4+, CD25- Tcells_CSC_P_Mass-spectrometry derived cell surface protein atlas","['SEL1L', 'SCAP', 'SEMA4C', 'Scarb2', 'Sel1l', 'Sema4c', 'SLC12A2', 'SCARB2', 'Scap', 'Slc12a4', 'Slc12a2']",11,2704,35.483870967741936,0.03934590806825995,1.405100427111276
39,NA_H_CaLu-3_CSC_P_Mass-spectrometry derived cell surface protein atlas,"['SEL1L', 'SCAP', 'SEMA4C', 'Scarb2', 'Sel1l', 'Sema4c', 'SLC12A2', 'SCARB2', 'Scap', 'Slc12a4', 'Slc12a2']",11,2704,35.483870967741936,0.03934590806825995,1.405100427111276
40,NA_H_Embryonic stem cells_UC_P_Membrane proteomics,"['SDC4', 'SFXN1', 'SFXN4', 'SEC22A', 'SEC61B', 'SFXN3', 'SCAMP2', 'SCARB2', 'SLC12A4', 'RUSF1', 'SDHC', 'SEL1L', 'SACM1L', 'SEC61A1', 'SCCPDH', 'SCD', 'SERINC3', 'SCAMP3', 'SEC11A', 'SLC12A2', 'SDC2', 'SEMA6A', 'SARAF', 'SEC63', 'SCAP', 'SDCBP', 'SFT2D3', 'SEMA4C', 'SGPP1', 'SFXN2', 'SEC61A2']",31,751,100.0,4.638225103806149e-40,39.33364817786954
41,NA_H_Glioblastoma exvivo_CSC_P_Mass-spectrometry derived cell surface protein atlas,"['SEL1L', 'SCAP', 'SEMA4C', 'Scarb2', 'Sel1l', 'Sema4c', 'SLC12A2', 'SCARB2', 'Scap', 'Slc12a4', 'Slc12a2']",11,2704,35.483870967741936,0.03934590806825995,1.405100427111276
42,NA_H_HBL-1_CSC_P_Mass-spectrometry derived cell surface protein atlas,"['SEL1L', 'SCAP', 'SEMA4C', 'Scarb2', 'Sel1l', 'Sema4c', 'SLC12A2', 'SCARB2', 'Scap', 'Slc12a4', 'Slc12a2']",11,2704,35.483870967741936,0.03934590806825995,1.405100427111276
43,NA_H_HCC4012_CSC_P_Mass-spectrometry derived cell surface protein atlas,"['SEL1L', 'SCAP', 'SEMA4C', 'Scarb2', 'Sel1l', 'Sema4c', 'SLC12A2', 'SCARB2', 'Scap', 'Slc12a4', 'Slc12a2']",11,2704,35.483870967741936,0.03934590806825995,1.405100427111276
44,NA_H_HDLM-2_CSC_P_Mass-spectrometry derived cell surface protein atlas,"['SEL1L', 'SCAP', 'SEMA4C', 'Scarb2', 'Sel1l', 'Sema4c', 'SLC12A2', 'SCARB2', 'Scap', 'Slc12a4', 'Slc12a2']",11,2704,35.483870967741936,0.03934590806825995,1.405100427111276
45,NA_H_HEK_CSC_P_Mass-spectrometry derived cell surface protein atlas,"['SEL1L', 'SCAP', 'SEMA4C', 'Scarb2', 'Sel1l', 'Sema4c', 'SLC12A2', 'SCARB2', 'Scap', 'Slc12a4', 'Slc12a2']",11,2704,35.483870967741936,0.03934590806825995,1.405100427111276
46,NA_H_HFF_C_P_Pathway detection,"['SEC11A', 'SDHC', 'SCD']",3,277,9.67741935483871,0.024294527753240043,1.6144915385089924
47,NA_H_HL-60_CSC_P_Mass-spectrometry derived cell surface protein atlas,"['SEL1L', 'SCAP', 'SEMA4C', 'Scarb2', 'Sel1l', 'Sema4c', 'SLC12A2', 'SCARB2', 'Scap', 'Slc12a4', 'Slc12a2']",11,2704,35.483870967741936,0.03934590806825995,1.405100427111276
48,NA_H_HeLa_CSC_P_Mass-spectrometry derived cell surface protein atlas,"['SEL1L', 'SCAP', 'SEMA4C', 'Scarb2', 'Sel1l', 'Sema4c', 'SLC12A2', 'SCARB2', 'Scap', 'Slc12a4', 'Slc12a2']",11,2704,35.483870967741936,0.03934590806825995,1.405100427111276
49,NA_H_Hesc_UC_P_ Membrane proteomics of  hESCs that were differentiated into cardiomyocytes ,"['SEL1L', 'SDC4', 'SFT2D3', 'SFXN1', 'SEC22A', 'SEMA4C', 'SEC61B', 'SCAMP3', 'SCAMP2', 'SFXN3', 'SGPP1', 'SEC61A1', 'SCARB2', 'SLC12A2', 'SEMA6A', 'SEC63']",16,914,51.61290322580645,1.6059590004697206e-11,10.794265546290866
50,NA_H_IMR-32_CSC_P_Mass-spectrometry derived cell surface protein atlas,"['SEL1L', 'SCAP', 'SEMA4C', 'Scarb2', 'Sel1l', 'Sema4c', 'SLC12A2', 'SCARB2', 'Scap', 'Slc12a4', 'Slc12a2']",11,2704,35.483870967741936,0.03934590806825995,1.405100427111276
51,NA_H_Ishikawa_KB_DEX_Membrane protein catalogue,"['SDC4', 'SDCBP', 'SFT2D3', 'SFXN1', 'SEC61B', 'SCAMP3', 'SCAMP2', 'SEC63', 'SEC11A', 'SEC61A1', 'SLC12A2', 'SDC2', 'SLC12A4', 'RUSF1', 'SCCPDH', 'SCD']",16,1993,51.61290322580645,1.3166693209633813e-06,5.8805232835904775
52,NA_H_Ishikawa_KB_P_Membrane protein catalogue,"['SDC4', 'SDCBP', 'SFT2D3', 'SFXN1', 'SEC61B', 'SCAMP3', 'SCAMP2', 'SEC63', 'SEC11A', 'SEC61A1', 'SLC12A2', 'SDC2', 'SLC12A4', 'RUSF1', 'SCCPDH', 'SCD']",16,1993,51.61290322580645,1.3166693209633813e-06,5.8805232835904775
53,NA_H_Jurkat (clone E6-1)_CSC_P_Mass-spectrometry derived cell surface protein atlas,"['SEL1L', 'SCAP', 'SEMA4C', 'Scarb2', 'Sel1l', 'Sema4c', 'SLC12A2', 'SCARB2', 'Scap', 'Slc12a4', 'Slc12a2']",11,2704,35.483870967741936,0.03934590806825995,1.405100427111276
54,NA_H_KM-H2_CSC_P_Mass-spectrometry derived cell surface protein atlas,"['SEL1L', 'SCAP', 'SEMA4C', 'Scarb2', 'Sel1l', 'Sema4c', 'SLC12A2', 'SCARB2', 'Scap', 'Slc12a4', 'Slc12a2']",11,2704,35.483870967741936,0.03934590806825995,1.405100427111276
55,NA_H_L-428_CSC_P_Mass-spectrometry derived cell surface protein atlas,"['SEL1L', 'SCAP', 'SEMA4C', 'Scarb2', 'Sel1l', 'Sema4c', 'SLC12A2', 'SCARB2', 'Scap', 'Slc12a4', 'Slc12a2']",11,2704,35.483870967741936,0.03934590806825995,1.405100427111276
56,NA_H_L-540_CSC_P_Mass-spectrometry derived cell surface protein atlas,"['SEL1L', 'SCAP', 'SEMA4C', 'Scarb2', 'Sel1l', 'Sema4c', 'SLC12A2', 'SCARB2', 'Scap', 'Slc12a4', 'Slc12a2']",11,2704,35.483870967741936,0.03934590806825995,1.405100427111276
57,NA_H_LN-18_CSC_P_Mass-spectrometry derived cell surface protein atlas,"['SEL1L', 'SCAP', 'SEMA4C', 'Scarb2', 'Sel1l', 'Sema4c', 'SLC12A2', 'SCARB2', 'Scap', 'Slc12a4', 'Slc12a2']",11,2704,35.483870967741936,0.03934590806825995,1.405100427111276
58,NA_H_LN-229_CSC_P_Mass-spectrometry derived cell surface protein atlas,"['SEL1L', 'SCAP', 'SEMA4C', 'Scarb2', 'Sel1l', 'Sema4c', 'SLC12A2', 'SCARB2', 'Scap', 'Slc12a4', 'Slc12a2']",11,2704,35.483870967741936,0.03934590806825995,1.405100427111276
59,NA_H_LNT-229_CSC_P_Mass-spectrometry derived cell surface protein atlas,"['SEL1L', 'SCAP', 'SEMA4C', 'Scarb2', 'Sel1l', 'Sema4c', 'SLC12A2', 'SCARB2', 'Scap', 'Slc12a4', 'Slc12a2']",11,2704,35.483870967741936,0.03934590806825995,1.405100427111276
60,NA_H_Lymphoma_CSC_P_Mass-spectrometry derived cell surface protein atlas,"['SEL1L', 'SCAP', 'SEMA4C', 'Scarb2', 'Sel1l', 'Sema4c', 'SLC12A2', 'SCARB2', 'Scap', 'Slc12a4', 'Slc12a2']",11,2704,35.483870967741936,0.03934590806825995,1.405100427111276
61,NA_H_MCF10A_BT_DEX_Molecular profiling of the cell surface using MCF10A cell line with Oncogenic Ras mutation,"['SDC4', 'SFXN1', 'SFXN4', 'SEC61B', 'SFXN3', 'SCAMP2', 'SCARB2', 'SLC12A4', 'RUSF1', 'SDHC', 'SEL1L', 'SACM1L', 'SEC61A1', 'SCCPDH', 'SCD', 'SERINC3', 'SCAMP3', 'SEC11A', 'SLC12A2', 'SDC2', 'SEC63', 'SCAP', 'SDCBP', 'SEMA4C', 'SGPP1']",25,4876,80.64516129032258,3.641837913211114e-07,6.438679387196912
62,NA_H_MCF10A_BT_P_Molecular profiling of the cell surface using MCF10A cell line with Oncogenic Ras mutation,"['SDC4', 'SFXN1', 'SFXN4', 'SEC61B', 'SFXN3', 'SCAMP2', 'SCARB2', 'SLC12A4', 'RUSF1', 'SDHC', 'SEL1L', 'SACM1L', 'SEC61A1', 'SCCPDH', 'SCD', 'SERINC3', 'SCAMP3', 'SEC11A', 'SLC12A2', 'SDC2', 'SEC63', 'SCAP', 'SDCBP', 'SEMA4C', 'SGPP1']",25,4876,80.64516129032258,3.641837913211114e-07,6.438679387196912
63,NA_H_MedB-1_CSC_P_Mass-spectrometry derived cell surface protein atlas,"['SEL1L', 'SCAP', 'SEMA4C', 'Scarb2', 'Sel1l', 'Sema4c', 'SLC12A2', 'SCARB2', 'Scap', 'Slc12a4', 'Slc12a2']",11,2704,35.483870967741936,0.03934590806825995,1.405100427111276
64,NA_H_Melanoma Adh_CSC_P_Mass-spectrometry derived cell surface protein atlas,"['SEL1L', 'SCAP', 'SEMA4C', 'Scarb2', 'Sel1l', 'Sema4c', 'SLC12A2', 'SCARB2', 'Scap', 'Slc12a4', 'Slc12a2']",11,2704,35.483870967741936,0.03934590806825995,1.405100427111276
65,NA_H_Melanoma NSph_CSC_P_Mass-spectrometry derived cell surface protein atlas,"['SEL1L', 'SCAP', 'SEMA4C', 'Scarb2', 'Sel1l', 'Sema4c', 'SLC12A2', 'SCARB2', 'Scap', 'Slc12a4', 'Slc12a2']",11,2704,35.483870967741936,0.03934590806825995,1.405100427111276
66,NA_H_Monocytes_BT_P_Surface proteome,['SLC12A2'],1,261,3.225806451612903,0.4499444811365597,0.34684107072141057
67,NA_H_Monocytes_UC_P_Optimization of method for solubilization of membrane proteins,"['SEC61A1', 'SFXN1', 'SFXN3', 'SCAMP2']",4,92,12.903225806451612,5.241997803974464e-05,4.280503165327986
68,NA_H_NB4_CSC_P_Mass-spectrometry derived cell surface protein atlas,"['SEL1L', 'SCAP', 'SEMA4C', 'Scarb2', 'Sel1l', 'Sema4c', 'SLC12A2', 'SCARB2', 'Scap', 'Slc12a4', 'Slc12a2']",11,2704,35.483870967741936,0.03934590806825995,1.405100427111276
69,NA_H_NK cells_CSC_P_Mass-spectrometry derived cell surface protein atlas,"['SEL1L', 'SCAP', 'SEMA4C', 'Scarb2', 'Sel1l', 'Sema4c', 'SLC12A2', 'SCARB2', 'Scap', 'Slc12a4', 'Slc12a2']",11,2704,35.483870967741936,0.03934590806825995,1.405100427111276
70,NA_H_P493-6_CSC_P_Mass-spectrometry derived cell surface protein atlas,"['SEL1L', 'SCAP', 'SEMA4C', 'Scarb2', 'Sel1l', 'Sema4c', 'SLC12A2', 'SCARB2', 'Scap', 'Slc12a4', 'Slc12a2']",11,2704,35.483870967741936,0.03934590806825995,1.405100427111276
71,NA_H_PASMC_CSC_P_Mass-spectrometry derived cell surface protein atlas,"['SEL1L', 'SCAP', 'SEMA4C', 'Scarb2', 'Sel1l', 'Sema4c', 'SLC12A2', 'SCARB2', 'Scap', 'Slc12a4', 'Slc12a2']",11,2704,35.483870967741936,0.03934590806825995,1.405100427111276
72,NA_H_Platelets_UC_P_Membrane proteomics,"['SEL1L', 'SERINC3', 'SFXN1', 'SEC61B', 'SACM1L', 'SCAMP2', 'SEC63', 'SFXN3', 'SEC11A', 'SEC61A1', 'SCARB2', 'SLC12A2', 'SDHC', 'RUSF1', 'SCCPDH']",15,1874,48.38709677419355,3.650977269420022e-06,5.437590870911183
73,NA_H_RD_CSC_P_Mass-spectrometry derived cell surface protein atlas,"['SEL1L', 'SCAP', 'SEMA4C', 'Scarb2', 'Sel1l', 'Sema4c', 'SLC12A2', 'SCARB2', 'Scap', 'Slc12a4', 'Slc12a2']",11,2704,35.483870967741936,0.03934590806825995,1.405100427111276
74,NA_H_RH4_CSC_P_Mass-spectrometry derived cell surface protein atlas,"['SEL1L', 'SCAP', 'SEMA4C', 'Scarb2', 'Sel1l', 'Sema4c', 'SLC12A2', 'SCARB2', 'Scap', 'Slc12a4', 'Slc12a2']",11,2704,35.483870967741936,0.03934590806825995,1.405100427111276
75,NA_H_Rh28_CSC_P_Mass-spectrometry derived cell surface protein atlas,"['SEL1L', 'SCAP', 'SEMA4C', 'Scarb2', 'Sel1l', 'Sema4c', 'SLC12A2', 'SCARB2', 'Scap', 'Slc12a4', 'Slc12a2']",11,2704,35.483870967741936,0.03934590806825995,1.405100427111276
76,NA_H_Ruch-2_CSC_P_Mass-spectrometry derived cell surface protein atlas,"['SEL1L', 'SCAP', 'SEMA4C', 'Scarb2', 'Sel1l', 'Sema4c', 'SLC12A2', 'SCARB2', 'Scap', 'Slc12a4', 'Slc12a2']",11,2704,35.483870967741936,0.03934590806825995,1.405100427111276
77,NA_H_SDM104_CSC_P_Mass-spectrometry derived cell surface protein atlas,"['SEL1L', 'SCAP', 'SEMA4C', 'Scarb2', 'Sel1l', 'Sema4c', 'SLC12A2', 'SCARB2', 'Scap', 'Slc12a4', 'Slc12a2']",11,2704,35.483870967741936,0.03934590806825995,1.405100427111276
78,NA_H_SDM34_CSC_P_Mass-spectrometry derived cell surface protein atlas,"['SEL1L', 'SCAP', 'SEMA4C', 'Scarb2', 'Sel1l', 'Sema4c', 'SLC12A2', 'SCARB2', 'Scap', 'Slc12a4', 'Slc12a2']",11,2704,35.483870967741936,0.03934590806825995,1.405100427111276
79,NA_H_SDM4_CSC_P_Mass-spectrometry derived cell surface protein atlas,"['SEL1L', 'SCAP', 'SEMA4C', 'Scarb2', 'Sel1l', 'Sema4c', 'SLC12A2', 'SCARB2', 'Scap', 'Slc12a4', 'Slc12a2']",11,2704,35.483870967741936,0.03934590806825995,1.405100427111276
80,NA_H_SDM5_CSC_P_Mass-spectrometry derived cell surface protein atlas,"['SEL1L', 'SCAP', 'SEMA4C', 'Scarb2', 'Sel1l', 'Sema4c', 'SLC12A2', 'SCARB2', 'Scap', 'Slc12a4', 'Slc12a2']",11,2704,35.483870967741936,0.03934590806825995,1.405100427111276
81,NA_H_SU-DHL-6_CSC_P_Mass-spectrometry derived cell surface protein atlas,"['SEL1L', 'SCAP', 'SEMA4C', 'Scarb2', 'Sel1l', 'Sema4c', 'SLC12A2', 'SCARB2', 'Scap', 'Slc12a4', 'Slc12a2']",11,2704,35.483870967741936,0.03934590806825995,1.405100427111276
82,NA_H_SU4 (SU-DHL-4)_CSC_P_Mass-spectrometry derived cell surface protein atlas,"['SEL1L', 'SCAP', 'SEMA4C', 'Scarb2', 'Sel1l', 'Sema4c', 'SLC12A2', 'SCARB2', 'Scap', 'Slc12a4', 'Slc12a2']",11,2704,35.483870967741936,0.03934590806825995,1.405100427111276
83,NA_H_T98G_CSC_P_Mass-spectrometry derived cell surface protein atlas,"['SEL1L', 'SCAP', 'SEMA4C', 'Scarb2', 'Sel1l', 'Sema4c', 'SLC12A2', 'SCARB2', 'Scap', 'Slc12a4', 'Slc12a2']",11,2704,35.483870967741936,0.03934590806825995,1.405100427111276
84,NA_H_U-2 OS_CSC_P_Mass-spectrometry derived cell surface protein atlas,"['SEL1L', 'SCAP', 'SEMA4C', 'Scarb2', 'Sel1l', 'Sema4c', 'SLC12A2', 'SCARB2', 'Scap', 'Slc12a4', 'Slc12a2']",11,2704,35.483870967741936,0.03934590806825995,1.405100427111276
85,NA_H_U-251 MG_CSC_P_Mass-spectrometry derived cell surface protein atlas,"['SEL1L', 'SCAP', 'SEMA4C', 'Scarb2', 'Sel1l', 'Sema4c', 'SLC12A2', 'SCARB2', 'Scap', 'Slc12a4', 'Slc12a2']",11,2704,35.483870967741936,0.03934590806825995,1.405100427111276
86,NA_H_U-87 MG_CSC_P_Mass-spectrometry derived cell surface protein atlas,"['SEL1L', 'SCAP', 'SEMA4C', 'Scarb2', 'Sel1l', 'Sema4c', 'SLC12A2', 'SCARB2', 'Scap', 'Slc12a4', 'Slc12a2']",11,2704,35.483870967741936,0.03934590806825995,1.405100427111276
87,NA_H_U2932_CSC_P_Mass-spectrometry derived cell surface protein atlas,"['SEL1L', 'SCAP', 'SEMA4C', 'Scarb2', 'Sel1l', 'Sema4c', 'SLC12A2', 'SCARB2', 'Scap', 'Slc12a4', 'Slc12a2']",11,2704,35.483870967741936,0.03934590806825995,1.405100427111276
88,NA_H_ZL55 MPM_CSC_P_Mass-spectrometry derived cell surface protein atlas,"['SEL1L', 'SCAP', 'SEMA4C', 'Scarb2', 'Sel1l', 'Sema4c', 'SLC12A2', 'SCARB2', 'Scap', 'Slc12a4', 'Slc12a2']",11,2704,35.483870967741936,0.03934590806825995,1.405100427111276
89,NA_H_hMSC_CSC_P_Mass-spectrometry derived cell surface protein atlas,"['SEL1L', 'SCAP', 'SEMA4C', 'Scarb2', 'Sel1l', 'Sema4c', 'SLC12A2', 'SCARB2', 'Scap', 'Slc12a4', 'Slc12a2']",11,2704,35.483870967741936,0.03934590806825995,1.405100427111276
90,NA_H_heSC_C_P_Pathway detection,"['SEC11A', 'SDHC', 'SCD']",3,277,9.67741935483871,0.024294527753240043,1.6144915385089924
91,"NA_H_hiPSC, HFF, heSC_C_DEX_Pathway detection","['SEC11A', 'SDHC', 'SCD']",3,277,9.67741935483871,0.024294527753240043,1.6144915385089924
92,NA_H_hiPSC_C_P_Pathway detection,"['SEC11A', 'SDHC', 'SCD']",3,277,9.67741935483871,0.024294527753240043,1.6144915385089924
93,NA_M_159-2 EB_CSC_P_Mass-spectrometry derived cell surface protein atlas,"['SEL1L', 'SCAP', 'SEMA4C', 'Scarb2', 'Sel1l', 'Sema4c', 'SLC12A2', 'SCARB2', 'Scap', 'Slc12a4', 'Slc12a2']",11,2704,35.483870967741936,0.03934590806825995,1.405100427111276
94,NA_M_159-2 ES_CSC_P_Mass-spectrometry derived cell surface protein atlas,"['SEL1L', 'SCAP', 'SEMA4C', 'Scarb2', 'Sel1l', 'Sema4c', 'SLC12A2', 'SCARB2', 'Scap', 'Slc12a4', 'Slc12a2']",11,2704,35.483870967741936,0.03934590806825995,1.405100427111276
95,NA_M_159-2 NP_CSC_P_Mass-spectrometry derived cell surface protein atlas,"['SEL1L', 'SCAP', 'SEMA4C', 'Scarb2', 'Sel1l', 'Sema4c', 'SLC12A2', 'SCARB2', 'Scap', 'Slc12a4', 'Slc12a2']",11,2704,35.483870967741936,0.03934590806825995,1.405100427111276
96,NA_M_2D4-iPS_CSC_P_Mass-spectrometry derived cell surface protein atlas,"['SEL1L', 'SCAP', 'SEMA4C', 'Scarb2', 'Sel1l', 'Sema4c', 'SLC12A2', 'SCARB2', 'Scap', 'Slc12a4', 'Slc12a2']",11,2704,35.483870967741936,0.03934590806825995,1.405100427111276
97,NA_M_Adipocytes subcutaneous_CSC_P_Mass-spectrometry derived cell surface protein atlas,"['SEL1L', 'SCAP', 'SEMA4C', 'Scarb2', 'Sel1l', 'Sema4c', 'SLC12A2', 'SCARB2', 'Scap', 'Slc12a4', 'Slc12a2']",11,2704,35.483870967741936,0.03934590806825995,1.405100427111276
98,NA_M_Astroglia_CSC_P_Mass-spectrometry derived cell surface protein atlas,"['SEL1L', 'SCAP', 'SEMA4C', 'Scarb2', 'Sel1l', 'Sema4c', 'SLC12A2', 'SCARB2', 'Scap', 'Slc12a4', 'Slc12a2']",11,2704,35.483870967741936,0.03934590806825995,1.405100427111276
99,"NA_M_Brain tissues_BT_P_Membrane proteome research strategies applicable to small, functionally defined tissue samples","['Sacm1l', 'Sema6a', 'Sccpdh']",3,872,9.67741935483871,0.44594179123259076,0.35072182603291346
100,NA_M_C2C12_CSC_P_Mass-spectrometry derived cell surface protein atlas,"['SEL1L', 'SCAP', 'SEMA4C', 'Scarb2', 'Sel1l', 'Sema4c', 'SLC12A2', 'SCARB2', 'Scap', 'Slc12a4', 'Slc12a2']",11,2704,35.483870967741936,0.03934590806825995,1.405100427111276
101,NA_M_D3-ES_CSC_P_Mass-spectrometry derived cell surface protein atlas,"['SEL1L', 'SCAP', 'SEMA4C', 'Scarb2', 'Sel1l', 'Sema4c', 'SLC12A2', 'SCARB2', 'Scap', 'Slc12a4', 'Slc12a2']",11,2704,35.483870967741936,0.03934590806825995,1.405100427111276
102,NA_M_E14Tg2a_CSC_P_Mass-spectrometry derived cell surface protein atlas,"['SEL1L', 'SCAP', 'SEMA4C', 'Scarb2', 'Sel1l', 'Sema4c', 'SLC12A2', 'SCARB2', 'Scap', 'Slc12a4', 'Slc12a2']",11,2704,35.483870967741936,0.03934590806825995,1.405100427111276
103,NA_M_GL261_CSC_P_Mass-spectrometry derived cell surface protein atlas,"['SEL1L', 'SCAP', 'SEMA4C', 'Scarb2', 'Sel1l', 'Sema4c', 'SLC12A2', 'SCARB2', 'Scap', 'Slc12a4', 'Slc12a2']",11,2704,35.483870967741936,0.03934590806825995,1.405100427111276
104,NA_M_Hippocampus_C_P_Membrane proteomics method,"['Rusf1', 'Saraf']",2,1353,6.451612903225806,0.7642519368290837,0.11676345197626994
105,NA_M_J1-EB_CSC_P_Mass-spectrometry derived cell surface protein atlas,"['SEL1L', 'SCAP', 'SEMA4C', 'Scarb2', 'Sel1l', 'Sema4c', 'SLC12A2', 'SCARB2', 'Scap', 'Slc12a4', 'Slc12a2']",11,2704,35.483870967741936,0.03934590806825995,1.405100427111276
106,NA_M_J1-NP_CSC_P_Mass-spectrometry derived cell surface protein atlas,"['SEL1L', 'SCAP', 'SEMA4C', 'Scarb2', 'Sel1l', 'Sema4c', 'SLC12A2', 'SCARB2', 'Scap', 'Slc12a4', 'Slc12a2']",11,2704,35.483870967741936,0.03934590806825995,1.405100427111276
107,NA_M_J1-neurons_CSC_P_Mass-spectrometry derived cell surface protein atlas,"['SEL1L', 'SCAP', 'SEMA4C', 'Scarb2', 'Sel1l', 'Sema4c', 'SLC12A2', 'SCARB2', 'Scap', 'Slc12a4', 'Slc12a2']",11,2704,35.483870967741936,0.03934590806825995,1.405100427111276
108,NA_M_J774.2_CSC_P_Mass-spectrometry derived cell surface protein atlas,"['SEL1L', 'SCAP', 'SEMA4C', 'Scarb2', 'Sel1l', 'Sema4c', 'SLC12A2', 'SCARB2', 'Scap', 'Slc12a4', 'Slc12a2']",11,2704,35.483870967741936,0.03934590806825995,1.405100427111276
109,NA_M_J774A.1_UC_P_Proteomic analysis of the membrane fraction from latex bead-containing (LBC) phagosomes isolated from macrophages,"['Sdcbp', 'Scamp2', 'Scarb2', 'Serinc3', 'Sec61b', 'Sec61a1']",6,470,19.35483870967742,0.0005638535692092745,3.2488336661252717
110,NA_M_Liver tissue_UC_P_Characterization of the Membrane Proteomics Initiative (MPI) mouse liver microsomal membrane Standard,"['Sacm1l', 'Sec63', 'Scamp3', 'Scarb2', 'Sec11a', 'Sec61b']",6,332,19.35483870967742,8.602610307339809e-05,4.065369749911699
111,NA_M_Liver tissue_UC_P_Method development,"['Sec61a2', 'Scamp2', 'Sfxn1', 'Sccpdh', 'Sft2d3', 'Sdc4', 'Sfxn3', 'Sec22a', 'Sel1l', 'Sgpp1', 'Serinc3', 'Slc12a2', 'Sfxn2', 'Sec61a1', 'Sec63', 'Scamp3', 'Scarb2', 'Rusf1', 'Scap', 'Sdhc', 'Sec11a', 'Sec61b', 'Sacm1l', 'Saraf', 'Slc12a4']",25,2931,80.64516129032258,3.2188446008349923e-12,11.492299989648323
112,NA_M_MSC80_CSC_P_Mass-spectrometry derived cell surface protein atlas,"['SEL1L', 'SCAP', 'SEMA4C', 'Scarb2', 'Sel1l', 'Sema4c', 'SLC12A2', 'SCARB2', 'Scap', 'Slc12a4', 'Slc12a2']",11,2704,35.483870967741936,0.03934590806825995,1.405100427111276
113,NA_M_Macrophages (BM-der.)_CSC_P_Mass-spectrometry derived cell surface protein atlas,"['SEL1L', 'SCAP', 'SEMA4C', 'Scarb2', 'Sel1l', 'Sema4c', 'SLC12A2', 'SCARB2', 'Scap', 'Slc12a4', 'Slc12a2']",11,2704,35.483870967741936,0.03934590806825995,1.405100427111276
114,NA_M_Min6_CSC_P_Mass-spectrometry derived cell surface protein atlas,"['SEL1L', 'SCAP', 'SEMA4C', 'Scarb2', 'Sel1l', 'Sema4c', 'SLC12A2', 'SCARB2', 'Scap', 'Slc12a4', 'Slc12a2']",11,2704,35.483870967741936,0.03934590806825995,1.405100427111276
115,NA_M_Neural stem cells (SVZ)_CSC_P_Mass-spectrometry derived cell surface protein atlas,"['SEL1L', 'SCAP', 'SEMA4C', 'Scarb2', 'Sel1l', 'Sema4c', 'SLC12A2', 'SCARB2', 'Scap', 'Slc12a4', 'Slc12a2']",11,2704,35.483870967741936,0.03934590806825995,1.405100427111276
116,NA_M_Neural stem cells (forebrain)_CSC_P_Mass-spectrometry derived cell surface protein atlas,"['SEL1L', 'SCAP', 'SEMA4C', 'Scarb2', 'Sel1l', 'Sema4c', 'SLC12A2', 'SCARB2', 'Scap', 'Slc12a4', 'Slc12a2']",11,2704,35.483870967741936,0.03934590806825995,1.405100427111276
117,NA_M_R1-EB_CSC_P_Mass-spectrometry derived cell surface protein atlas,"['SEL1L', 'SCAP', 'SEMA4C', 'Scarb2', 'Sel1l', 'Sema4c', 'SLC12A2', 'SCARB2', 'Scap', 'Slc12a4', 'Slc12a2']",11,2704,35.483870967741936,0.03934590806825995,1.405100427111276
118,NA_M_R1-ES_CSC_P_Mass-spectrometry derived cell surface protein atlas,"['SEL1L', 'SCAP', 'SEMA4C', 'Scarb2', 'Sel1l', 'Sema4c', 'SLC12A2', 'SCARB2', 'Scap', 'Slc12a4', 'Slc12a2']",11,2704,35.483870967741936,0.03934590806825995,1.405100427111276
119,NA_M_R1-NP-4h_CSC_P_Mass-spectrometry derived cell surface protein atlas,"['SEL1L', 'SCAP', 'SEMA4C', 'Scarb2', 'Sel1l', 'Sema4c', 'SLC12A2', 'SCARB2', 'Scap', 'Slc12a4', 'Slc12a2']",11,2704,35.483870967741936,0.03934590806825995,1.405100427111276
120,NA_M_R1-defNCS 2°_CSC_P_Mass-spectrometry derived cell surface protein atlas,"['SEL1L', 'SCAP', 'SEMA4C', 'Scarb2', 'Sel1l', 'Sema4c', 'SLC12A2', 'SCARB2', 'Scap', 'Slc12a4', 'Slc12a2']",11,2704,35.483870967741936,0.03934590806825995,1.405100427111276
121,NA_M_R1-primNCS 1°_CSC_P_Mass-spectrometry derived cell surface protein atlas,"['SEL1L', 'SCAP', 'SEMA4C', 'Scarb2', 'Sel1l', 'Sema4c', 'SLC12A2', 'SCARB2', 'Scap', 'Slc12a4', 'Slc12a2']",11,2704,35.483870967741936,0.03934590806825995,1.405100427111276
122,NA_M_SMA560_CSC_P_Mass-spectrometry derived cell surface protein atlas,"['SEL1L', 'SCAP', 'SEMA4C', 'Scarb2', 'Sel1l', 'Sema4c', 'SLC12A2', 'SCARB2', 'Scap', 'Slc12a4', 'Slc12a2']",11,2704,35.483870967741936,0.03934590806825995,1.405100427111276
123,NA_M_Spleenocytes_CSC_P_Mass-spectrometry derived cell surface protein atlas,"['SEL1L', 'SCAP', 'SEMA4C', 'Scarb2', 'Sel1l', 'Sema4c', 'SLC12A2', 'SCARB2', 'Scap', 'Slc12a4', 'Slc12a2']",11,2704,35.483870967741936,0.03934590806825995,1.405100427111276
124,NA_M_TH-0_CSC_P_Mass-spectrometry derived cell surface protein atlas,"['SEL1L', 'SCAP', 'SEMA4C', 'Scarb2', 'Sel1l', 'Sema4c', 'SLC12A2', 'SCARB2', 'Scap', 'Slc12a4', 'Slc12a2']",11,2704,35.483870967741936,0.03934590806825995,1.405100427111276
125,NA_M_TH-17_CSC_P_Mass-spectrometry derived cell surface protein atlas,"['SEL1L', 'SCAP', 'SEMA4C', 'Scarb2', 'Sel1l', 'Sema4c', 'SLC12A2', 'SCARB2', 'Scap', 'Slc12a4', 'Slc12a2']",11,2704,35.483870967741936,0.03934590806825995,1.405100427111276
126,NA_M_TH-1_CSC_P_Mass-spectrometry derived cell surface protein atlas,"['SEL1L', 'SCAP', 'SEMA4C', 'Scarb2', 'Sel1l', 'Sema4c', 'SLC12A2', 'SCARB2', 'Scap', 'Slc12a4', 'Slc12a2']",11,2704,35.483870967741936,0.03934590806825995,1.405100427111276
127,NA_M_TTF-1-iPS_CSC_P_Mass-spectrometry derived cell surface protein atlas,"['SEL1L', 'SCAP', 'SEMA4C', 'Scarb2', 'Sel1l', 'Sema4c', 'SLC12A2', 'SCARB2', 'Scap', 'Slc12a4', 'Slc12a2']",11,2704,35.483870967741936,0.03934590806825995,1.405100427111276
128,NA_M_Tissue_UC_P_Comparison of multiple strategies of membrane protein enrichment,['Scamp3'],1,582,3.225806451612903,1.0,0.0
129,NA_M_mpkCCD-clone 11_BT_DEX_Identification of  biological processes involved in regulation of vasopressin regulates aquaporin-2 (AQP2) trafficking,['Sec61a1'],1,100,3.225806451612903,0.20360320175774357,0.6912153967931022
130,OS_H_MG-63 vs hFOB1.19_AT_DEX_Biomarker,"['SEC61A1', 'SCARB2', 'SLC12A2']",3,297,9.67741935483871,0.029074430280759147,1.5364887866028398
131,RB_H_Tissue_KB_DEX_Biomarker,"['SEL1L', 'SERINC3', 'SFXN1', 'SEC61B', 'SCAMP3', 'SACM1L', 'SCAMP2', 'SEC63', 'SFXN3', 'SEC61A1', 'SCARB2', 'SLC12A2', 'SDHC', 'RUSF1', 'SCCPDH']",15,3098,48.38709677419355,0.0017760585257154582,2.750542727196785
132,RB_H_Tissue_KB_P_Biomarker,"['SEL1L', 'SERINC3', 'SFXN1', 'SEC61B', 'SCAMP3', 'SACM1L', 'SCAMP2', 'SEC63', 'SFXN3', 'SEC61A1', 'SCARB2', 'SLC12A2', 'SDHC', 'RUSF1', 'SCCPDH']",15,3098,48.38709677419355,0.0017760585257154582,2.750542727196785
133,"RCC_H_Tissue_UC_DEX_Protein profile of membrane microdomains (MD), plasma membrane supramolecular structures involved in cell signaling, transport, and neoplastic transformation","['SGPP1', 'SFXN1']",2,406,6.451612903225806,0.23428244870279252,0.6302602454066139
134,"RCC_H_Tissue_UC_P_Protein profile of membrane microdomains (MD), plasma membrane supramolecular structures involved in cell signaling, transport, and neoplastic transformation","['SGPP1', 'SFXN1']",2,406,6.451612903225806,0.23428244870279252,0.6302602454066139
135,R_Liver_UC_P_Applicability of SDS and sodium deoxycholate in membrane protein isiolation,"['Sec11a', 'Sfxn1', 'Sec61a1']",3,205,9.67741935483871,0.010942688070833321,1.9608759804769487
136,R_Liver_UC_P_Applicability of Sodium laurate in membrane protein isiolation,"['Sec11a', 'Sfxn1', 'Sec61a1']",3,187,9.67741935483871,0.008524432665248147,2.0693345153913083
